scale,leverage,spread,cec,wipeout
0.015,1.0,0.0,0.4774290119266244,0.0
0.015,1.1,0.0,0.4788942746829873,0.0
0.015,1.2,0.0,0.4803587572346349,0.0
0.015,1.3,0.0,0.48180246352124434,0.0
0.015,1.4,0.0,0.48320448247712444,0.0
0.015,1.5,0.0,0.4845432561449126,0.0
0.015,1.6,0.0,0.4857963227132384,0.0
0.015,1.75,0.0,0.4874588204627888,0.0
0.015,2.0,0.0,0.48959351332476053,0.0002023529411764706
0.015,1.0,0.01,0.4774290119266244,0.0
0.015,1.1,0.01,0.4786226536736145,0.0
0.015,1.2,0.01,0.4797938895570021,0.0
0.015,1.3,0.01,0.4809267238270676,0.0
0.015,1.4,0.01,0.4820047303865801,0.0
0.015,1.5,0.01,0.48301112889401215,0.0
0.015,1.6,0.01,0.4839284314013623,0.0
0.015,1.75,0.01,0.4850926322737107,0.0
0.015,2.0,0.01,0.48645290942842273,0.0002023529411764706
0.015,1.0,0.02,0.4774290119266244,0.0
0.015,1.1,0.02,0.47835381611369016,0.0
0.015,1.2,0.02,0.4792400673283221,0.0
0.015,1.3,0.02,0.4800754799395591,0.0
0.015,1.4,0.02,0.4808476729083804,0.0
0.015,1.5,0.02,0.4815441335556989,0.0
0.015,1.6,0.02,0.48215183672548856,0.0
0.015,1.75,0.02,0.48286309814742423,0.0002023529411764706
0.015,2.0,0.02,0.4835337904122558,0.0002023529411764706
0.015,1.0,0.03,0.4774290119266244,0.0
0.015,1.1,0.03,0.47808775208190946,0.0
0.015,1.2,0.03,0.47869722984395957,0.0
0.015,1.3,0.03,0.4792485838370017,0.0
0.015,1.4,0.03,0.4797330738493544,0.0
0.015,1.5,0.03,0.4801419864251141,0.0
0.015,1.6,0.03,0.4804662686672708,0.0
0.015,1.75,0.03,0.4807755818679432,0.0002023529411764706
0.015,2.0,0.03,0.48083955326561034,0.0004076470588235294
0.015,1.0,0.05,0.4774290119266244,0.0
0.015,1.1,0.05,0.4775639023053916,0.0
0.015,1.2,0.05,0.4776442237589008,0.0
0.015,1.3,0.05,0.47766702880635376,0.0
0.015,1.4,0.05,0.47762964701118427,0.0
0.015,1.5,0.05,0.4775295616835336,0.0
0.015,1.6,0.05,0.4773641232333473,0.0
0.015,1.75,0.05,0.4769981326360088,0.0002023529411764706
0.015,2.0,0.05,0.47610456855356587,0.0006035294117647059
0.03,1.0,0.0,0.4978400345185736,0.0
0.03,1.1,0.0,0.5000984668660751,0.0
0.03,1.2,0.0,0.5022822557707899,0.0
0.03,1.3,0.0,0.5043602099861678,0.0
0.03,1.4,0.0,0.5063020650227059,0.0
0.03,1.5,0.0,0.508077975502501,0.0
0.03,1.6,0.0,0.50965658311207,0.0
0.03,1.75,0.0,0.5115636564885162,0.0
0.03,2.0,0.0,0.5135154009589975,0.0002023529411764706
0.03,1.0,0.01,0.4978400345185736,0.0
0.03,1.1,0.01,0.4996500953393246,0.0
0.03,1.2,0.01,0.5013639105855809,0.0
0.03,1.3,0.01,0.5029572616578069,0.0
0.03,1.4,0.01,0.5044066974513989,0.0
0.03,1.5,0.01,0.505688873205716,0.0
0.03,1.6,0.01,0.5067787005621748,0.0
0.03,1.75,0.01,0.5079760669621749,0.0
0.03,2.0,0.01,0.5088681838838408,0.0002023529411764706
0.03,1.0,0.02,0.4978400345185736,0.0
0.03,1.1,0.02,0.49920533865160066,0.0
0.03,1.2,0.02,0.500459546048281,0.0
0.03,1.3,0.02,0.5015846249569424,0.0
0.03,1.4,0.02,0.5025631742286739,0.0
0.03,1.5,0.02,0.5033777180384132,0.0
0.03,1.6,0.02,0.5040090106332362,0.0
0.03,1.75,0.02,0.5045498769883519,0.0002023529411764706
0.03,2.0,0.02,0.5044825517316633,0.0002023529411764706
0.03,1.0,0.03,0.4978400345185736,0.0
0.03,1.1,0.03,0.4987642061761056,0.0
0.03,1.2,0.03,0.49956925854667056,0.0
0.03,1.3,0.03,0.5002426774117837,0.0
0.03,1.4,0.03,0.5007724668354165,0.0
0.03,1.5,0.03,0.5011464702667766,0.0
0.03,1.6,0.03,0.501350870274377,0.0
0.03,1.75,0.03,0.5013050455609114,0.0002023529411764706
0.03,2.0,0.03,0.5003775131655249,0.0004076470588235294
0.03,1.0,0.05,0.4978400345185736,0.0
0.03,1.1,0.05,0.497892846143218,0.0
0.03,1.2,0.05,0.4978312204386873,0.0
0.03,1.3,0.05,0.49765197839030567,0.0
0.03,1.4,0.05,0.4973522565906271,0.0
0.03,1.5,0.05,0.4969289735465203,0.0
0.03,1.6,0.05,0.4963777377177475,0.0
0.03,1.75,0.05,0.49532045545191394,0.0002023529411764706
0.03,2.0,0.05,0.49301789775460547,0.0006035294117647059
0.05,1.0,0.0,0.5218198344565345,0.0
0.05,1.1,0.0,0.5248031282494217,0.0
0.05,1.2,0.0,0.527608363686121,0.0
0.05,1.3,0.0,0.5301975563586188,0.0
0.05,1.4,0.0,0.5325352283861583,0.0
0.05,1.5,0.0,0.5345862467076692,0.0
0.05,1.6,0.0,0.5363111190040057,0.0
0.05,1.75,0.0,0.5381466691705593,0.0
0.05,2.0,0.0,0.5393091990221462,0.0002023529411764706
0.05,1.0,0.01,0.5218198344565345,0.0
0.05,1.1,0.01,0.5241693239706496,0.0
0.05,1.2,0.01,0.5263234842952322,0.0
0.05,1.3,0.01,0.5282533112877896,0.0
0.05,1.4,0.01,0.5299313485168543,0.0
0.05,1.5,0.01,0.5313295941081362,0.0
0.05,1.6,0.01,0.5324151328093447,0.0
0.05,1.75,0.01,0.533330330578282,0.0
0.05,2.0,0.01,0.5331528754821825,0.0002023529411764706
0.05,1.0,0.02,0.5218198344565345,0.0
0.05,1.1,0.02,0.5235395648018822,0.0
0.05,1.2,0.02,0.5250539619121519,0.0
0.05,1.3,0.02,0.5263418742281456,0.0
0.05,1.4,0.02,0.5273830015022939,0.0
0.05,1.5,0.02,0.5281559613146767,0.0
0.05,1.6,0.02,0.5286343173848256,0.0
0.05,1.75,0.02,0.5286878177796427,0.0002023529411764706
0.05,2.0,0.02,0.5272845127554283,0.0002023529411764706
0.05,1.0,0.03,0.5218198344565345,0.0
0.05,1.1,0.03,0.5229138863318006,0.0
0.05,1.2,0.03,0.5238000952074612,0.0
0.05,1.3,0.03,0.5244642708994457,0.0
0.05,1.4,0.03,0.5248925999336577,0.0
0.05,1.5,0.03,0.525069923071043,0.0
0.05,1.6,0.03,0.5249761903260196,0.0
0.05,1.75,0.03,0.5242619926982236,0.0002023529411764706
0.05,2.0,0.03,0.5217430683537084,0.0004076470588235294
0.05,1.0,0.05,0.5218198344565345,0.0
0.05,1.1,0.05,0.5216749068149569,0.0
0.05,1.2,0.05,0.5213404191375983,0.0
0.05,1.3,0.05,0.5208141799078385,0.0
0.05,1.4,0.05,0.5200938574851516,0.0
0.05,1.5,0.05,0.519175706053306,0.0
0.05,1.6,0.05,0.5180518568689053,0.0
0.05,1.75,0.05,0.515990187148762,0.0002023529411764706
0.05,2.0,0.05,0.5116858827569438,0.0006035294117647059
0.07,1.0,0.0,0.5434578319234058,0.0
0.07,1.1,0.0,0.5469788432957343,0.0
0.07,1.2,0.0,0.5502222523496664,0.0
0.07,1.3,0.0,0.553147321675595,0.0
0.07,1.4,0.0,0.5557163847178951,0.0
0.07,1.5,0.0,0.5578908845739106,0.0
0.07,1.6,0.0,0.5596237189368912,0.0
0.07,1.75,0.0,0.561197081776871,0.0
0.07,2.0,0.0,0.5613148932182308,0.0002023529411764706
0.07,1.0,0.01,0.5434578319234058,0.0
0.07,1.1,0.01,0.5461890499519426,0.0
0.07,1.2,0.01,0.5486307520870016,0.0
0.07,1.3,0.01,0.5507521451095815,0.0
0.07,1.4,0.01,0.5525239330466603,0.0
0.07,1.5,0.01,0.553914664847546,0.0
0.07,1.6,0.01,0.5548835920762695,0.0
0.07,1.75,0.01,0.5553582827237517,0.0
0.07,2.0,0.01,0.553901851850216,0.0002023529411764706
0.07,1.0,0.02,0.5434578319234058,0.0
0.07,1.1,0.02,0.545403429092149,0.0
0.07,1.2,0.02,0.5470549036634027,0.0
0.07,1.3,0.02,0.5483901273835118,0.0
0.07,1.4,0.02,0.5493873637256187,0.0
0.07,1.5,0.02,0.5500219839228522,0.0
0.07,1.6,0.02,0.5502598891330467,0.0
0.07,1.75,0.02,0.549698024059211,0.0002023529411764706
0.07,2.0,0.02,0.5467931757399941,0.0002023529411764706
0.07,1.0,0.03,0.5434578319234058,0.0
0.07,1.1,0.03,0.544622040281381,0.0
0.07,1.2,0.03,0.5454951865840814,0.0
0.07,1.3,0.03,0.5460628640981599,0.0
0.07,1.4,0.03,0.5463103426255473,0.0
0.07,1.5,0.03,0.54621967673891,0.0
0.07,1.6,0.03,0.5457637197834505,0.0
0.07,1.75,0.03,0.5442868878588586,0.0002023529411764706
0.07,2.0,0.03,0.5400481882253371,0.0004076470588235294
0.07,1.0,0.05,0.5434578319234058,0.0
0.07,1.1,0.05,0.5430721891645789,0.0
0.07,1.2,0.05,0.5424259487400594,0.0
0.07,1.3,0.05,0.5415184455476567,0.0
0.07,1.4,0.05,0.5403480392525406,0.0
0.07,1.5,0.05,0.5389099566693638,0.0
0.07,1.6,0.05,0.537191466427063,0.0
0.07,1.75,0.05,0.5340910508721474,0.0002023529411764706
0.07,2.0,0.05,0.5277283701589925,0.0006035294117647059
0.09,1.0,0.0,0.5634690574334896,0.0
0.09,1.1,0.0,0.5674206274737837,0.0
0.09,1.2,0.0,0.5709997083596763,0.0
0.09,1.3,0.0,0.5741647221641608,0.0
0.09,1.4,0.0,0.576876999929286,0.0
0.09,1.5,0.0,0.5790950258033651,0.0
0.09,1.6,0.0,0.5807637066207747,0.0
0.09,1.75,0.0,0.5819728318711187,0.0
0.09,2.0,0.0,0.5809082077469999,0.0002023529411764706
0.09,1.0,0.01,0.5634690574334896,0.0
0.09,1.1,0.01,0.5664922656431739,0.0
0.09,1.2,0.01,0.5691364924859978,0.0
0.09,1.3,0.01,0.5713705421963038,0.0
0.09,1.4,0.01,0.5731640865221682,0.0
0.09,1.5,0.01,0.5744824310306411,0.0
0.09,1.6,0.01,0.575276399177309,0.0
0.09,1.75,0.01,0.575224437092892,0.0
0.09,2.0,0.01,0.5723763949854549,0.0002023529411764706
0.09,1.0,0.02,0.5634690574334896,0.0
0.09,1.1,0.02,0.5655680617868712,0.0
0.09,1.2,0.02,0.5672887352117859,0.0
0.09,1.3,0.02,0.5686089367432261,0.0
0.09,1.4,0.02,0.5695059944773304,0.0
0.09,1.5,0.02,0.5699520228911378,0.0
0.09,1.6,0.02,0.5699044701179959,0.0
0.09,1.75,0.02,0.5686557476386894,0.0002023529411764706
0.09,2.0,0.02,0.5641606358431956,0.0002023529411764706
0.09,1.0,0.03,0.5634690574334896,0.0
0.09,1.1,0.03,0.5646480974427363,0.0
0.09,1.2,0.03,0.5654570802291112,0.0
0.09,1.3,0.03,0.5658820161515701,0.0
0.09,1.4,0.03,0.565907519811275,0.0
0.09,1.5,0.03,0.5655126765092771,0.0
0.09,1.6,0.03,0.5646622822201232,0.0
0.09,1.75,0.03,0.5623707061566687,0.0002023529411764706
0.09,2.0,0.03,0.5563417311534835,0.0004076470588235294
0.09,1.0,0.05,0.5634690574334896,0.0
0.09,1.1,0.05,0.5628212051586698,0.0
0.09,1.2,0.05,0.5618445313244224,0.0
0.09,1.3,0.05,0.5605401106147434,0.0
0.09,1.4,0.05,0.5589069615682326,0.0
0.09,1.5,0.05,0.5569388907887292,0.0
0.09,1.6,0.05,0.5546171082060546,0.0
0.09,1.75,0.05,0.5504609981970349,0.0002023529411764706
0.09,2.0,0.05,0.5420079123159975,0.0006035294117647059
0.11,1.0,0.0,0.5822546273479765,0.0
0.11,1.1,0.0,0.5865667984705255,0.0
0.11,1.2,0.0,0.5904156543514154,0.0
0.11,1.3,0.0,0.5937597826600848,0.0
0.11,1.4,0.0,0.5965600061985913,0.0
0.11,1.5,0.0,0.5987718670542275,0.0
0.11,1.6,0.0,0.6003316896439438,0.0
0.11,1.75,0.0,0.6011105758388323,0.0
0.11,2.0,0.0,0.5987726331227986,0.0002023529411764706
0.11,1.0,0.01,0.5822546273479765,0.0
0.11,1.1,0.01,0.5855115312330339,0.0
0.11,1.2,0.01,0.5883038655502307,0.0
0.11,1.3,0.01,0.590600742713052,0.0
0.11,1.4,0.01,0.5923711076439311,0.0
0.11,1.5,0.01,0.5935769223742894,0.0
0.11,1.6,0.01,0.5941598824526062,0.0
0.11,1.75,0.01,0.5935244319052823,0.0
0.11,2.0,0.01,0.5892108997200955,0.0002023529411764706
0.11,1.0,0.02,0.5822546273479765,0.0
0.11,1.1,0.02,0.5844603288296604,0.0
0.11,1.2,0.02,0.5862070791605692,0.0
0.11,1.3,0.02,0.5874732022791292,0.0
0.11,1.4,0.02,0.5882352472680656,0.0
0.11,1.5,0.02,0.5884618759656989,0.0
0.11,1.6,0.02,0.5881012828722466,0.0
0.11,1.75,0.02,0.5861168809351688,0.0002023529411764706
0.11,2.0,0.02,0.5799738922414199,0.0002023529411764706
0.11,1.0,0.03,0.5822546273479765,0.0
0.11,1.1,0.03,0.5834132932451629,0.0
0.11,1.2,0.03,0.5841260911646098,0.0
0.11,1.3,0.03,0.5843797489402112,0.0
0.11,1.4,0.03,0.5841582705848347,0.0
0.11,1.5,0.03,0.5834375032299824,0.0
0.11,1.6,0.03,0.5821732951157461,0.0
0.11,1.75,0.03,0.5790314764967213,0.0002023529411764706
0.11,2.0,0.03,0.5711651995513283,0.0004076470588235294
0.11,1.0,0.05,0.5822546273479765,0.0
0.11,1.1,0.05,0.5813321221018941,0.0
0.11,1.2,0.05,0.5800145725907776,0.0
0.11,1.3,0.05,0.5783048856901876,0.0
0.11,1.4,0.05,0.5762026657318831,0.0
0.11,1.5,0.05,0.5736999580890423,0.0
0.11,1.6,0.05,0.5707708941633095,0.0
0.11,1.75,0.05,0.5655480441294969,0.0002023529411764706
0.11,2.0,0.05,0.5549819194087166,0.0006035294117647059
0.13,1.0,0.0,0.6000690952186934,0.0
0.13,1.1,0.0,0.6046923921032401,0.0
0.13,1.2,0.0,0.6087649198798969,0.0
0.13,1.3,0.0,0.6122459905386805,0.0
0.13,1.4,0.0,0.6150961080150701,0.0
0.13,1.5,0.0,0.6172677267889203,0.0
0.13,1.6,0.0,0.6186879663548808,0.0
0.13,1.75,0.0,0.618988872413276,0.0
0.13,2.0,0.0,0.6153103696971792,0.0002023529411764706
0.13,1.0,0.01,0.6000690952186934,0.0
0.13,1.1,0.01,0.6035186406215941,0.0
0.13,1.2,0.01,0.6064211559277273,0.0
0.13,1.3,0.01,0.6087464428805864,0.0
0.13,1.4,0.01,0.6104628088706963,0.0
0.13,1.5,0.01,0.6115286707861497,0.0
0.13,1.6,0.01,0.6118759089393759,0.0
0.13,1.75,0.01,0.6106149342129944,0.0
0.13,2.0,0.01,0.6047817538869394,0.0002023529411764706
0.13,1.0,0.02,0.6000690952186934,0.0
0.13,1.1,0.02,0.6023488125132999,0.0
0.13,1.2,0.02,0.6040917802265643,0.0
0.13,1.3,0.02,0.6052770314038854,0.0
0.13,1.4,0.02,0.6058803498714356,0.0
0.13,1.5,0.02,0.6058667002207627,0.0
0.13,1.6,0.02,0.605174276221788,0.0
0.13,1.75,0.02,0.6024166568765625,0.0002023529411764706
0.13,2.0,0.02,0.5945842657787416,0.0002023529411764706
0.13,1.0,0.03,0.6000690952186934,0.0
0.13,1.1,0.03,0.6011830290577133,0.0
0.13,1.2,0.03,0.60177773242797,0.0
0.13,1.3,0.03,0.6018407945996956,0.0
0.13,1.4,0.03,0.6013555707539483,0.0
0.13,1.5,0.03,0.6002943965398331,0.0
0.13,1.6,0.03,0.5986033721793146,0.0
0.13,1.75,0.03,0.5945839544296797,0.0002023529411764706
0.13,2.0,0.03,0.5848456175341146,0.0004076470588235294
0.13,1.0,0.05,0.6000690952186934,0.0
0.13,1.1,0.05,0.5988640729633079,0.0
0.13,1.2,0.05,0.5971992588018633,0.0
0.13,1.3,0.05,0.5950794325704268,0.0
0.13,1.4,0.05,0.5925047106238915,0.0
0.13,1.5,0.05,0.5894650938089998,0.0
0.13,1.6,0.05,0.5859267553042382,0.0
0.13,1.75,0.05,0.5796286036057021,0.0002023529411764706
0.13,2.0,0.05,0.5669317610541473,0.0006035294117647059
0.15,1.0,0.0,0.6170870419761889,0.0
0.15,1.1,0.0,0.6219845124545402,0.0
0.15,1.2,0.0,0.626246546454699,0.0
0.15,1.3,0.0,0.6298334974693262,0.0
0.15,1.4,0.0,0.6327055940150718,0.0
0.15,1.5,0.0,0.6348119996351692,0.0
0.15,1.6,0.0,0.6360700289442097,0.0
0.15,1.75,0.0,0.6358557912232041,0.0
0.15,2.0,0.0,0.630783304411481,0.0002023529411764706
0.15,1.0,0.01,0.6170870419761889,0.0
0.15,1.1,0.01,0.6206986785278711,0.0
0.15,1.2,0.01,0.623683363461051,0.0
0.15,1.3,0.01,0.62601179323752,0.0
0.15,1.4,0.01,0.6276516266141998,0.0
0.15,1.5,0.01,0.628557505231135,0.0
0.15,1.6,0.01,0.6286508500980578,0.0
0.15,1.75,0.01,0.6267308610419983,0.0
0.15,2.0,0.01,0.619335518925098,0.0002023529411764706
0.15,1.0,0.02,0.6170870419761889,0.0
0.15,1.1,0.02,0.619416594657671,0.0
0.15,1.2,0.02,0.6211338524123003,0.0
0.15,1.3,0.02,0.622218679282552,0.0
0.15,1.4,0.02,0.6226460451532446,0.0
0.15,1.5,0.02,0.6223769700343892,0.0
0.15,1.6,0.02,0.6213389636023362,0.0
0.15,1.75,0.02,0.6177769966738273,0.0002023529411764706
0.15,2.0,0.02,0.6082233832786262,0.0002023529411764706
0.15,1.0,0.03,0.6170870419761889,0.0
0.15,1.1,0.03,0.6181384005320334,0.0
0.15,1.2,0.03,0.6185990901929527,0.0
0.15,1.3,0.03,0.6184576257793667,0.0
0.15,1.4,0.03,0.6176966438370961,0.0
0.15,1.5,0.03,0.616284714488782,0.0
0.15,1.6,0.03,0.614157472568306,0.0
0.15,1.75,0.03,0.6092376630540799,0.0002023529411764706
0.15,2.0,0.03,0.5976000315792335,0.0004076470588235294
0.15,1.0,0.05,0.6170870419761889,0.0
0.15,1.1,0.05,0.6155942322639292,0.0
0.15,1.2,0.05,0.6135780025995102,0.0
0.15,1.3,0.05,0.6110450233869466,0.0
0.15,1.4,0.05,0.6079958598486263,0.0
0.15,1.5,0.05,0.6044182355579122,0.0
0.15,1.6,0.05,0.6002695965315307,0.0
0.15,1.75,0.05,0.5928887775615114,0.0002023529411764706
0.15,2.0,0.05,0.5780467656721279,0.0006035294117647059
0.17,1.0,0.0,0.6334348456699518,0.0
0.17,1.1,0.0,0.6385777699983503,0.0
0.17,1.2,0.0,0.6430029071404256,0.0
0.17,1.3,0.0,0.6466718308785089,0.0
0.17,1.4,0.0,0.6495444651034341,0.0
0.17,1.5,0.0,0.6515664637602762,0.0
0.17,1.6,0.0,0.652644774002594,0.0
0.17,1.75,0.0,0.6518849462045128,0.0
0.17,2.0,0.0,0.6453739771480479,0.0002023529411764706
0.17,1.0,0.01,0.6334348456699518,0.0
0.17,1.1,0.01,0.6371849064423161,0.0
0.17,1.2,0.01,0.6402301789683231,0.0
0.17,1.3,0.01,0.6425423605440284,0.0
0.17,1.4,0.01,0.6440884025753503,0.0
0.17,1.5,0.01,0.6448189413483403,0.0
0.17,1.6,0.01,0.644644343255302,0.0
0.17,1.75,0.01,0.642037262417164,0.0
0.17,2.0,0.01,0.6330448622626029,0.0002023529411764706
0.17,1.0,0.02,0.6334348456699518,0.0
0.17,1.1,0.02,0.6357955975440076,0.0
0.17,1.2,0.02,0.637470336903515,0.0
0.17,1.3,0.02,0.6384398130516286,0.0
0.17,1.4,0.02,0.6386781065319854,0.0
0.17,1.5,0.02,0.638142059053066,0.0
0.17,1.6,0.02,0.6367478730544895,0.0
0.17,1.75,0.02,0.6323544109771364,0.0002023529411764706
0.17,2.0,0.02,0.6210542685182753,0.0002023529411764706
0.17,1.0,0.03,0.6334348456699518,0.0
0.17,1.1,0.03,0.6344100007034925,0.0
0.17,1.2,0.03,0.634724590107667,0.0
0.17,1.3,0.03,0.6343680756883899,0.0
0.17,1.4,0.03,0.6333222958263898,0.0
0.17,1.5,0.03,0.6315518264220551,0.0
0.17,1.6,0.03,0.6289811909602954,0.0
0.17,1.75,0.03,0.6231410042810676,0.0002023529411764706
0.17,2.0,0.03,0.6095819913305902,0.0004076470588235294
0.17,1.0,0.05,0.6334348456699518,0.0
0.17,1.1,0.05,0.6316505651628412,0.0
0.17,1.2,0.05,0.6292801063986854,0.0
0.17,1.3,0.05,0.6263320378385262,0.0
0.17,1.4,0.05,0.622807323564687,0.0
0.17,1.5,0.05,0.6186912192563397,0.0
0.17,1.6,0.05,0.6139317636642463,0.0
0.17,1.75,0.05,0.6054615456969406,0.0002023529411764706
0.17,2.0,0.05,0.5884623156341818,0.0006035294117647059
0.2,1.0,0.0,0.6569023296536197,0.0
0.2,1.1,0.0,0.6623716252951,0.0
0.2,1.2,0.0,0.6670031564980249,0.0
0.2,1.3,0.0,0.670760491075567,0.0
0.2,1.4,0.0,0.673602967520057,0.0
0.2,1.5,0.0,0.6754705731851077,0.0
0.2,1.6,0.0,0.6762537344820714,0.0
0.2,1.75,0.0,0.6746280475660466,0.0
0.2,2.0,0.0,0.6658890167318384,0.0002023529411764706
0.2,1.0,0.01,0.6569023296536197,0.0
0.2,1.1,0.01,0.6608256876190927,0.0
0.2,1.2,0.01,0.6639306620282266,0.0
0.2,1.3,0.01,0.666190529745918,0.0
0.2,1.4,0.01,0.6675710274692822,0.0
0.2,1.5,0.01,0.6680163778055115,0.0
0.2,1.6,0.01,0.6674193492637392,0.0
0.2,1.75,0.01,0.6637367168691749,0.0
0.2,2.0,0.01,0.6522946521187601,0.0002023529411764706
0.2,1.0,0.02,0.6569023296536197,0.0
0.2,1.1,0.02,0.6592829830846316,0.0
0.2,1.2,0.02,0.6608697873218615,0.0
0.2,1.3,0.02,0.6616448416268761,0.0
0.2,1.4,0.02,0.6615807325569819,0.0
0.2,1.5,0.02,0.6606276378385254,0.0
0.2,1.6,0.02,0.6586837458334543,0.0
0.2,1.75,0.02,0.6529976965968163,0.0002023529411764706
0.2,2.0,0.02,0.6390403216635003,0.0002023529411764706
0.2,1.0,0.03,0.6569023296536197,0.0
0.2,1.1,0.03,0.6577436946420284,0.0
0.2,1.2,0.03,0.6578219328434084,0.0
0.2,1.3,0.03,0.6571279190277004,0.0
0.2,1.4,0.03,0.6556421467463008,0.0
0.2,1.5,0.03,0.6533228270941959,0.0
0.2,1.6,0.03,0.6500767354000028,0.0
0.2,1.75,0.03,0.6428223947984143,0.0002023529411764706
0.2,2.0,0.03,0.6263479877164149,0.0004076470588235294
0.2,1.0,0.05,0.6569023296536197,0.0
0.2,1.1,0.05,0.6546760909260012,0.0
0.2,1.2,0.05,0.651770783000014,0.0
0.2,1.3,0.05,0.6481978282109283,0.0
0.2,1.4,0.05,0.6439587229343265,0.0
0.2,1.5,0.05,0.6390347380881346,0.0
0.2,1.6,0.05,0.6333586813667965,0.0
0.2,1.75,0.05,0.6232424937363127,0.0002023529411764706
0.2,2.0,0.05,0.6029890022221561,0.0006035294117647059
0.25,1.0,0.0,0.6937454216789068,0.0
0.25,1.1,0.0,0.6996764323672768,0.0
0.25,1.2,0.0,0.7045769908890014,0.0
0.25,1.3,0.0,0.7084140941221866,0.0
0.25,1.4,0.0,0.7111456684447099,0.0
0.25,1.5,0.0,0.7127012789031006,0.0
0.25,1.6,0.0,0.7129415208659852,0.0
0.25,1.75,0.0,0.7097692633071429,0.0
0.25,2.0,0.0,0.6971619268280822,0.0002023529411764706
0.25,1.0,0.01,0.6937454216789068,0.0
0.25,1.1,0.01,0.697890339218868,0.0
0.25,1.2,0.01,0.7010339482200968,0.0
0.25,1.3,0.01,0.7031521431155903,0.0
0.25,1.4,0.01,0.704208190033337,0.0
0.25,1.5,0.01,0.7041346703495827,0.0
0.25,1.6,0.01,0.7027926382561618,0.0
0.25,1.75,0.01,0.6972162366016534,0.0
0.25,2.0,0.01,0.6815761455205444,0.0002023529411764706
0.25,1.0,0.02,0.6937454216789068,0.0
0.25,1.1,0.02,0.6961068960259478,0.0
0.25,1.2,0.02,0.6975002739505242,0.0
0.25,1.3,0.02,0.6979098243221353,0.0
0.25,1.4,0.02,0.6973052276102212,0.0
0.25,1.5,0.02,0.6956246576345494,0.0
0.25,1.6,0.02,0.6927338292608419,0.0
0.25,1.75,0.02,0.6847854641506482,0.0002023529411764706
0.25,2.0,0.02,0.6663261237227394,0.0002023529411764706
0.25,1.0,0.03,0.6937454216789068,0.0
0.25,1.1,0.03,0.6943263263301366,0.0
0.25,1.2,0.03,0.6939776736848898,0.0
0.25,1.3,0.03,0.6926925991898616,0.0
0.25,1.4,0.03,0.6904490084636937,0.0
0.25,1.5,0.03,0.6871936936867246,0.0
0.25,1.6,0.03,0.682801358844866,0.0
0.25,1.75,0.03,0.6731094991259304,0.0002023529411764706
0.25,2.0,0.03,0.6517093188746916,0.0004076470588235294
0.25,1.0,0.05,0.6937454216789068,0.0
0.25,1.1,0.05,0.6907746962547966,0.0
0.25,1.2,0.05,0.6869724341456945,0.0
0.25,1.3,0.05,0.6823548358244913,0.0
0.25,1.4,0.05,0.6769241990276458,0.0
0.25,1.5,0.05,0.6706546157426634,0.0
0.25,1.6,0.05,0.6634509738302046,0.0
0.25,1.75,0.05,0.6505612977160673,0.0002023529411764706
0.25,2.0,0.05,0.6248475096442517,0.0006035294117647059
0.35,1.0,0.0,0.7612004436166013,0.0
0.35,1.1,0.0,0.7678553283412662,0.0
0.35,1.2,0.0,0.7731124759476456,0.0
0.35,1.3,0.0,0.7769453285900855,0.0
0.35,1.4,0.0,0.7793073806689752,0.0
0.35,1.5,0.0,0.7801043630176423,0.0
0.35,1.6,0.0,0.7791300939426555,0.0
0.35,1.75,0.0,0.7725637496934405,0.0
0.35,2.0,0.0,0.7517700505288841,0.0002023529411764706
0.35,1.0,0.01,0.7612004436166013,0.0
0.35,1.1,0.01,0.7656262227644329,0.0
0.35,1.2,0.01,0.7687004899855163,0.0
0.35,1.3,0.01,0.7704038267361228,0.0
0.35,1.4,0.01,0.7706930712089195,0.0
0.35,1.5,0.01,0.769474742615869,0.0
0.35,1.6,0.01,0.766539167969279,0.0
0.35,1.75,0.01,0.7568659634987054,0.0
0.35,2.0,0.01,0.7325172528430133,0.0002023529411764706
0.35,1.0,0.02,0.7612004436166013,0.0
0.35,1.1,0.02,0.7633985162277827,0.0
0.35,1.2,0.02,0.7642931419570602,0.0
0.35,1.3,0.02,0.7638723807469433,0.0
0.35,1.4,0.02,0.7620988437836137,0.0
0.35,1.5,0.02,0.7588842086877156,0.0
0.35,1.6,0.02,0.7540218267165528,0.0
0.35,1.75,0.02,0.7411896379994567,0.0002023529411764706
0.35,2.0,0.02,0.7135682961231468,0.0002023529411764706
0.35,1.0,0.03,0.7612004436166013,0.0
0.35,1.1,0.03,0.761172508731426,0.0
0.35,1.2,0.03,0.7598927158691197,0.0
0.35,1.3,0.03,0.7573583010202047,0.0
0.35,1.4,0.03,0.7535410789814906,0.0
0.35,1.5,0.03,0.748362901424952,0.0
0.35,1.6,0.03,0.7416268750020046,0.0
0.35,1.75,0.03,0.7267895802814689,0.0002023529411764706
0.35,2.0,0.03,0.6953875060109277,0.0004076470588235294
0.35,1.0,0.05,0.7612004436166013,0.0
0.35,1.1,0.05,0.7567267895950842,0.0
0.35,1.2,0.05,0.7511217348680758,0.0
0.35,1.3,0.05,0.7444112365512701,0.0
0.35,1.4,0.05,0.7365993159715025,0.0
0.35,1.5,0.05,0.7276446740121851,0.0
0.35,1.6,0.05,0.717388956948468,0.0
0.35,1.75,0.05,0.6988431905740587,0.0002023529411764706
0.35,2.0,0.05,0.6621364203860902,0.0006035294117647059
0.6,1.0,0.0,0.9076461868803719,0.0
0.6,1.1,0.0,0.9155166383440807,0.0
0.6,1.2,0.0,0.9211229889811746,0.0
0.6,1.3,0.0,0.9244510422664124,0.0
0.6,1.4,0.0,0.925436242722571,0.0
0.6,1.5,0.0,0.9239129891900169,0.0
0.6,1.6,0.0,0.9194785877329004,0.0
0.6,1.75,0.0,0.903166532589673,0.0
0.6,2.0,0.0,0.8601114612217404,0.0002023529411764706
0.6,1.0,0.01,0.9076461868803719,0.0
0.6,1.1,0.01,0.9122961256657447,0.0
0.6,1.2,0.01,0.9147623416919067,0.0
0.6,1.3,0.01,0.9150337669763117,0.0
0.6,1.4,0.01,0.9130454868634906,0.0
0.6,1.5,0.01,0.9086288763876637,0.0
0.6,1.6,0.01,0.901367771272435,0.0
0.6,1.75,0.01,0.8800538565364622,0.0
0.6,2.0,0.01,0.8328967814040392,0.0002023529411764706
0.6,1.0,0.02,0.9076461868803719,0.0
0.6,1.1,0.02,0.9090737936345187,0.0
0.6,1.2,0.02,0.9083944613437855,0.0
0.6,1.3,0.02,0.905603183499094,0.0
0.6,1.4,0.02,0.9006408911084314,0.0
0.6,1.5,0.02,0.8933450979378593,0.0
0.6,1.6,0.02,0.8832986625217377,0.0
0.6,1.75,0.02,0.8563911515376343,0.0002023529411764706
0.6,2.0,0.02,0.8057792319484822,0.0002023529411764706
0.6,1.0,0.03,0.9076461868803719,0.0
0.6,1.1,0.03,0.905850120385646,0.0
0.6,1.2,0.03,0.9020229934968665,0.0
0.6,1.3,0.03,0.8961710034709464,0.0
0.6,1.4,0.03,0.8882488317629333,0.0
0.6,1.5,0.03,0.8781104682158913,0.0
0.6,1.6,0.03,0.8653507885003366,0.0
0.6,1.75,0.03,0.8362358954406762,0.0002023529411764706
0.6,2.0,0.03,0.7796958581621094,0.0004076470588235294
0.6,1.0,0.05,0.9076461868803719,0.0
0.6,1.1,0.05,0.8994006747944338,0.0
0.6,1.2,0.05,0.8892840193142771,0.0
0.6,1.3,0.05,0.8773490907191497,0.0
0.6,1.4,0.05,0.8636078821275847,0.0
0.6,1.5,0.05,0.847980970244912,0.0
0.6,1.6,0.05,0.8301237631528648,0.0
0.6,1.75,0.05,0.7968198822847511,0.0002023529411764706
0.6,2.0,0.05,0.7327457890387249,0.0006035294117647059
1.0,1.0,0.0,1.1064276975999323,0.0
1.0,1.1,0.0,1.1154860519887593,0.0
1.0,1.2,0.0,1.1209491932923765,0.0
1.0,1.3,0.0,1.1228131242071833,0.0
1.0,1.4,0.0,1.1209708420136113,0.0
1.0,1.5,0.0,1.1151224630212238,0.0
1.0,1.6,0.0,1.1044975027576693,0.0
1.0,1.75,0.0,1.069960743021968,0.0
1.0,2.0,0.0,0.9880199718972227,0.0002023529411764706
1.0,1.0,0.01,1.1064276975999323,0.0
1.0,1.1,0.01,1.1108410934376567,0.0
1.0,1.2,0.01,1.1117810061019098,0.0
1.0,1.3,0.01,1.1092428173305473,0.0
1.0,1.4,0.01,1.1031178268510207,0.0
1.0,1.5,0.01,1.0931028149711701,0.0
1.0,1.6,0.01,1.0783997364568036,0.0
1.0,1.75,0.01,1.0352697478163033,0.0
1.0,2.0,0.01,0.9505157598059113,0.0002023529411764706
1.0,1.0,0.02,1.1064276975999323,0.0
1.0,1.1,0.02,1.1061894523952545,0.0
1.0,1.2,0.02,1.1025881642570794,0.0
1.0,1.3,0.02,1.0956263118861915,0.0
1.0,1.4,0.02,1.0852063559441845,0.0
1.0,1.5,0.02,1.0710391105836503,0.0
1.0,1.6,0.02,1.0523210705456547,0.0
1.0,1.75,0.02,0.9977945357047667,0.0002023529411764706
1.0,2.0,0.02,0.9124187369159443,0.0002023529411764706
1.0,1.0,0.03,1.1064276975999323,0.0
1.0,1.1,0.03,1.101531877379624,0.0
1.0,1.2,0.03,1.0933764089829494,0.0
1.0,1.3,0.03,1.081982182685726,0.0
1.0,1.4,0.03,1.0672785412401342,0.0
1.0,1.5,0.03,1.049009672002662,0.0
1.0,1.6,0.03,1.0263895799583178,0.0
1.0,1.75,0.03,0.9705664370799194,0.0002023529411764706
1.0,2.0,0.03,0.8754604051132799,0.0004076470588235294
1.0,1.0,0.05,1.1064276975999323,0.0
1.0,1.1,0.05,1.092201956026861,0.0
1.0,1.2,0.05,1.0749195754018228,0.0
1.0,1.3,0.05,1.0546868537033496,0.0
1.0,1.4,0.05,1.0315443650680338,0.0
1.0,1.5,0.05,1.0053650282123012,0.0
1.0,1.6,0.05,0.9754612859985011,0.0
1.0,1.75,0.05,0.9167631896629281,0.0002023529411764706
1.0,2.0,0.05,0.8107831704844103,0.0006035294117647059
