household,household_label,homeowner,partnered,rule,scale,equity,free_area,cutoff,full_rate,cec,median_wealth,prob_ruin,mean_consumption,p5_consumption,position
couple_homeowner,"couple, homeowners",True,True,constant_percent,0.02,1.0,4.521495032684151,10.188744876107755,0.4420454877870411,0.611223491855236,1.1054709873460817,0.0,0.7231394257505223,0.44320841765984315,below the free area
couple_homeowner,"couple, homeowners",True,True,constant_percent,0.04,1.0,4.521495032684151,10.188744876107755,0.4420454877870411,0.6562778793078538,2.2109419746921635,0.0,0.7736627678980658,0.47936289947572824,below the free area
couple_homeowner,"couple, homeowners",True,True,constant_percent,0.07,1.0,4.521495032684151,10.188744876107755,0.4420454877870411,0.7020153952897583,3.8691484557112865,0.0,0.8330196254898813,0.5335946221995558,below the free area
couple_homeowner,"couple, homeowners",True,True,constant_percent,0.1,1.0,4.521495032684151,10.188744876107755,0.4420454877870411,0.7311838267244455,5.52735493673041,0.0,0.8969225795532201,0.5878263449233834,inside the taper band
couple_homeowner,"couple, homeowners",True,True,constant_percent,0.14,1.0,4.521495032684151,10.188744876107755,0.4420454877870411,0.7585032850205392,7.738296911422573,0.0,1.001421276701138,0.6302368182330803,inside the taper band
couple_homeowner,"couple, homeowners",True,True,constant_percent,0.2,1.0,4.521495032684151,10.188744876107755,0.4420454877870411,0.7921437211773336,11.05470987346082,0.0,1.1959001649035033,0.6383204312231868,above the cut-off
couple_homeowner,"couple, homeowners",True,True,constant_percent,0.28,1.0,4.521495032684151,10.188744876107755,0.4420454877870411,0.8350298652442856,15.476593822845146,0.0,1.5023914537327103,0.6442587962489843,above the cut-off
couple_homeowner,"couple, homeowners",True,True,constant_percent,0.4,1.0,4.521495032684151,10.188744876107755,0.4420454877870411,0.900867435159022,22.10941974692164,0.0,2.016368208861494,0.6528446061519488,above the cut-off
couple_homeowner,"couple, homeowners",True,True,constant_percent,0.6,1.0,4.521495032684151,10.188744876107755,0.4420454877870411,1.016510765999483,33.164129620382454,0.0,2.9341445283451733,0.6751717566949674,above the cut-off
couple_homeowner,"couple, homeowners",True,True,constant_percent,1.0,1.0,4.521495032684151,10.188744876107755,0.4420454877870411,1.2489652635259523,55.273549367304085,0.0,4.834397260325444,0.7811834921780801,above the cut-off
couple_homeowner,"couple, homeowners",True,True,constant_real,0.02,0.0,4.521495032684151,10.188744876107755,0.4420454877870411,0.6007599454131538,1.1054709873460817,0.4568,0.6907522128426286,0.441928414929281,below the free area
couple_homeowner,"couple, homeowners",True,True,constant_real,0.04,0.0,4.521495032684151,10.188744876107755,0.4420454877870411,0.6179665626491281,2.2109419746921635,0.4568,0.7317919304994291,0.4735657759810387,below the free area
couple_homeowner,"couple, homeowners",True,True,constant_real,0.07,0.0,4.521495032684151,10.188744876107755,0.4420454877870411,0.6494653906900403,3.8691484557112865,0.4568,0.7800966751508942,0.5085528363589815,below the free area
couple_homeowner,"couple, homeowners",True,True,constant_real,0.1,0.0,4.521495032684151,10.188744876107755,0.4420454877870411,0.659837972375634,5.52735493673041,0.4568,0.8194845339678231,0.5322829664816322,inside the taper band
couple_homeowner,"couple, homeowners",True,True,constant_real,0.14,0.0,4.521495032684151,10.188744876107755,0.4420454877870411,0.686924413407427,7.738296911422573,0.4568,0.868402365692127,0.5494480648669366,inside the taper band
couple_homeowner,"couple, homeowners",True,True,constant_real,0.2,0.0,4.521495032684151,10.188744876107755,0.4420454877870411,0.7169331090667396,11.05470987346082,0.4568,0.9488906863148041,0.5699453213907755,above the cut-off
couple_homeowner,"couple, homeowners",True,True,constant_real,0.28,0.0,4.521495032684151,10.188744876107755,0.4420454877870411,0.7623939389140211,15.476593822845146,0.4568,1.0765138754830506,0.6023609520821973,above the cut-off
couple_homeowner,"couple, homeowners",True,True,constant_real,0.4,0.0,4.521495032684151,10.188744876107755,0.4420454877870411,0.8206800804087169,22.10941974692164,0.4568,1.301259962839953,0.6377097040479762,above the cut-off
couple_homeowner,"couple, homeowners",True,True,constant_real,0.6,0.0,4.521495032684151,10.188744876107755,0.4420454877870411,0.9095592678164302,33.164129620382454,0.4568,1.7272308142215704,0.6784232264065969,above the cut-off
couple_homeowner,"couple, homeowners",True,True,constant_real,1.0,0.1,4.521495032684151,10.188744876107755,0.4420454877870411,1.0547337842110311,55.273549367304085,0.3815,2.7086455577475874,0.6784232264065969,above the cut-off
couple_renter,"couple, renters",False,True,constant_percent,0.02,1.0,6.919364093563304,12.586613936986907,0.4420454877870411,0.612258907846148,1.1054709873460817,0.0,0.7312846208622551,0.44320841765984315,below the free area
couple_renter,"couple, renters",False,True,constant_percent,0.04,1.0,6.919364093563304,12.586613936986907,0.4420454877870411,0.6623581535524673,2.2109419746921635,0.0,0.8007476158373141,0.47936289947572824,below the free area
couple_renter,"couple, renters",False,True,constant_percent,0.07,1.0,6.919364093563304,12.586613936986907,0.4420454877870411,0.7228881400376562,3.8691484557112865,0.0,0.8863463368105624,0.5335946221995558,below the free area
couple_renter,"couple, renters",False,True,constant_percent,0.1,1.0,6.919364093563304,12.586613936986907,0.4420454877870411,0.7709712618263257,5.52735493673041,0.0,0.9666418054023584,0.5878263449233834,below the free area
couple_renter,"couple, renters",False,True,constant_percent,0.14,1.0,6.919364093563304,12.586613936986907,0.4420454877870411,0.8217062270504364,7.738296911422573,0.0,1.0800609613344445,0.6601353085551533,inside the taper band
couple_renter,"couple, renters",False,True,constant_percent,0.2,1.0,6.919364093563304,12.586613936986907,0.4420454877870411,0.8805261964442516,11.05470987346082,0.0,1.2733192140762624,0.7350473966709401,inside the taper band
couple_renter,"couple, renters",False,True,constant_percent,0.28,1.0,6.919364093563304,12.586613936986907,0.4420454877870411,0.9437602445423536,15.476593822845146,0.0,1.569326897351562,0.7777891689545924,above the cut-off
couple_renter,"couple, renters",False,True,constant_percent,0.4,1.0,6.919364093563304,12.586613936986907,0.4420454877870411,1.0246967166398642,22.10941974692164,0.0,2.0656067725579446,0.7907155354753591,above the cut-off
couple_renter,"couple, renters",False,True,constant_percent,0.6,1.0,6.919364093563304,12.586613936986907,0.4420454877870411,1.1493273968109732,33.164129620382454,0.0,2.9627722710920996,0.8096037210313698,above the cut-off
couple_renter,"couple, renters",False,True,constant_percent,1.0,1.0,6.919364093563304,12.586613936986907,0.4420454877870411,1.390429888403115,55.273549367304085,0.0,4.845957986517003,0.8841452345739932,above the cut-off
couple_renter,"couple, renters",False,True,constant_real,0.02,0.1,6.919364093563304,12.586613936986907,0.4420454877870411,0.6024248313291112,1.1054709873460817,0.3815,0.6930069907308971,0.4420708396662824,below the free area
couple_renter,"couple, renters",False,True,constant_real,0.04,0.0,6.919364093563304,12.586613936986907,0.4420454877870411,0.6375330141941572,2.2109419746921635,0.4568,0.7377538275086697,0.4758983198766532,below the free area
couple_renter,"couple, renters",False,True,constant_real,0.07,0.0,6.919364093563304,12.586613936986907,0.4420454877870411,0.67974169819804,3.8691484557112865,0.4568,0.7983268957634035,0.5204501149066607,below the free area
couple_renter,"couple, renters",False,True,constant_real,0.1,0.0,6.919364093563304,12.586613936986907,0.4420454877870411,0.7113272131636477,5.52735493673041,0.4568,0.8515005286821878,0.5572670111946783,below the free area
couple_renter,"couple, renters",False,True,constant_real,0.14,0.0,6.919364093563304,12.586613936986907,0.4420454877870411,0.7465829034081635,7.738296911422573,0.4568,0.9155624990977995,0.5968920339133317,inside the taper band
couple_renter,"couple, renters",False,True,constant_real,0.2,0.0,6.919364093563304,12.586613936986907,0.4420454877870411,0.7928180162690515,11.05470987346082,0.4568,1.007914212994471,0.6358214219713502,inside the taper band
couple_renter,"couple, renters",False,True,constant_real,0.28,0.0,6.919364093563304,12.586613936986907,0.4420454877870411,0.8394712519586112,15.476593822845146,0.4568,1.1395432090444886,0.6784232264065969,above the cut-off
couple_renter,"couple, renters",False,True,constant_real,0.4,0.0,6.919364093563304,12.586613936986907,0.4420454877870411,0.9038682151229995,22.10941974692164,0.4568,1.361422900160166,0.6784232264065969,above the cut-off
couple_renter,"couple, renters",False,True,constant_real,0.6,0.0,6.919364093563304,12.586613936986907,0.4420454877870411,0.9842686264113492,33.164129620382454,0.4568,1.7763186610599417,0.6784232264065969,above the cut-off
couple_renter,"couple, renters",False,True,constant_real,1.0,0.2,6.919364093563304,12.586613936986907,0.4420454877870411,1.1144926747285309,55.273549367304085,0.30575,2.775374486315994,0.6784232264065969,above the cut-off
single_homeowner,"single, homeowner",True,False,constant_percent,0.02,1.0,3.014330021789434,6.767475613460695,0.29274535615035835,0.4212509893829894,1.1054709873460817,0.0,0.49774323173532814,0.3057266247589036,below the free area
single_homeowner,"single, homeowner",True,False,constant_percent,0.04,1.0,3.014330021789434,6.767475613460695,0.29274535615035835,0.4570090961606801,2.2109419746921635,0.0,0.539814992149139,0.3418811065747887,below the free area
single_homeowner,"single, homeowner",True,False,constant_percent,0.07,1.0,3.014330021789434,6.767475613460695,0.29274535615035835,0.48778794164508765,3.8691484557112865,0.0,0.6036700928524213,0.39611282929861624,inside the taper band
single_homeowner,"single, homeowner",True,False,constant_percent,0.1,1.0,3.014330021789434,6.767475613460695,0.29274535615035835,0.5074329619916985,5.52735493673041,0.0,0.6855375024512926,0.41984985887161086,inside the taper band
single_homeowner,"single, homeowner",True,False,constant_percent,0.14,1.0,3.014330021789434,6.767475613460695,0.29274535615035835,0.5296734646177724,7.738296911422573,0.0,0.819811212626092,0.4244678183805294,above the cut-off
single_homeowner,"single, homeowner",True,False,constant_percent,0.2,1.0,3.014330021789434,6.767475613460695,0.29274535615035835,0.5619613382236265,11.05470987346082,0.0,1.0554478089272643,0.42882744484295665,above the cut-off
single_homeowner,"single, homeowner",True,False,constant_percent,0.28,1.0,3.014330021789434,6.767475613460695,0.29274535615035835,0.6062840129551341,15.476593822845146,0.0,1.403215598303889,0.4349533478618546,above the cut-off
single_homeowner,"single, homeowner",True,False,constant_percent,0.4,1.0,3.014330021789434,6.767475613460695,0.29274535615035835,0.6759373414011742,22.10941974692164,0.0,1.9557624015970723,0.4486207248297042,above the cut-off
single_homeowner,"single, homeowner",True,False,constant_percent,0.6,1.0,3.014330021789434,6.767475613460695,0.29274535615035835,0.7925560196401783,33.164129620382454,0.0,2.9039545770136734,0.4984947420261877,above the cut-off
single_homeowner,"single, homeowner",True,False,constant_percent,1.0,1.0,3.014330021789434,6.767475613460695,0.29274535615035835,1.0136308557543718,55.273549367304085,0.0,4.823709743527635,0.6692976353684001,above the cut-off
single_homeowner,"single, homeowner",True,False,constant_real,0.02,0.0,3.014330021789434,6.767475613460695,0.29274535615035835,0.40585410001838795,1.1054709873460817,0.4568,0.4720833364815139,0.30375090830043966,below the free area
single_homeowner,"single, homeowner",True,False,constant_real,0.04,0.0,3.014330021789434,6.767475613460695,0.29274535615035835,0.42476073282776716,2.2109419746921635,0.4568,0.5074425219152119,0.33034576571438246,below the free area
single_homeowner,"single, homeowner",True,False,constant_real,0.07,0.0,3.014330021789434,6.767475613460695,0.29274535615035835,0.44087275911828416,3.8691484557112865,0.4568,0.5477601092362083,0.35464069478963534,inside the taper band
single_homeowner,"single, homeowner",True,False,constant_real,0.1,0.0,3.014330021789434,6.767475613460695,0.29274535615035835,0.46011170272561924,5.52735493673041,0.4568,0.5848225907211803,0.36755228212240054,inside the taper band
single_homeowner,"single, homeowner",True,False,constant_real,0.14,0.0,3.014330021789434,6.767475613460695,0.29274535615035835,0.47993420175903356,7.738296911422573,0.4568,0.640139696428101,0.38145212194074885,above the cut-off
single_homeowner,"single, homeowner",True,False,constant_real,0.2,0.0,3.014330021789434,6.767475613460695,0.29274535615035835,0.5135700501371248,11.05470987346082,0.4568,0.7391047326664758,0.406278611233476,above the cut-off
single_homeowner,"single, homeowner",True,False,constant_real,0.28,0.0,3.014330021789434,6.767475613460695,0.29274535615035835,0.5522118315425589,15.476593822845146,0.4568,0.8927287661467438,0.42596956580748846,above the cut-off
single_homeowner,"single, homeowner",True,False,constant_real,0.4,0.0,3.014330021789434,6.767475613460695,0.29274535615035835,0.605518620543392,22.10941974692164,0.4568,1.1501975516685732,0.4492869049050311,above the cut-off
single_homeowner,"single, homeowner",True,False,constant_real,0.6,0.0,3.014330021789434,6.767475613460695,0.29274535615035835,0.6778524905891341,33.164129620382454,0.4568,1.613338536948681,0.4492869049050311,above the cut-off
single_homeowner,"single, homeowner",True,False,constant_real,1.0,0.5,3.014330021789434,6.767475613460695,0.29274535615035835,0.827135840649444,55.273549367304085,0.15755,2.7796802795605915,0.4492869049050311,above the cut-off
single_renter,"single, renter",False,False,constant_percent,0.02,1.0,5.625499263059597,9.378644854730858,0.29274535615035835,0.4235353315255674,1.1054709873460817,0.0,0.5129004091546349,0.3057266247589036,below the free area
single_renter,"single, renter",False,False,constant_percent,0.04,1.0,5.625499263059597,9.378644854730858,0.29274535615035835,0.4688585200003722,2.2109419746921635,0.0,0.581450421180475,0.3418811065747887,below the free area
single_renter,"single, renter",False,False,constant_percent,0.07,1.0,5.625499263059597,9.378644854730858,0.29274535615035835,0.5228872052109254,3.8691484557112865,0.0,0.6719839742102864,0.39611282929861624,below the free area
single_renter,"single, renter",False,False,constant_percent,0.1,1.0,5.625499263059597,9.378644854730858,0.29274535615035835,0.5657996145370034,5.52735493673041,0.0,0.7637585488971114,0.4502821008842594,below the free area
single_renter,"single, renter",False,False,constant_percent,0.14,1.0,5.625499263059597,9.378644854730858,0.29274535615035835,0.6118643760037159,7.738296911422573,0.0,0.8974704927939291,0.4930218250605116,inside the taper band
single_renter,"single, renter",False,False,constant_percent,0.2,1.0,5.625499263059597,9.378644854730858,0.29274535615035835,0.6676686146887141,11.05470987346082,0.0,1.122547328061804,0.5383179635625494,above the cut-off
single_renter,"single, renter",False,False,constant_percent,0.28,1.0,5.625499263059597,9.378644854730858,0.29274535615035835,0.7293098841734815,15.476593822845146,0.0,1.45398766400732,0.5794452772552067,above the cut-off
single_renter,"single, renter",False,False,constant_percent,0.4,1.0,5.625499263059597,9.378644854730858,0.29274535615035835,0.8105960104014155,22.10941974692164,0.0,1.9880580264597847,0.5926833836051043,above the cut-off
single_renter,"single, renter",False,False,constant_percent,0.6,1.0,5.625499263059597,9.378644854730858,0.29274535615035835,0.9369214709149024,33.164129620382454,0.0,2.920434829433615,0.61902127917784,above the cut-off
single_renter,"single, renter",False,False,constant_percent,1.0,1.0,5.625499263059597,9.378644854730858,0.29274535615035835,1.1735537720107219,55.273549367304085,0.0,4.82962629888449,0.7272602458836175,above the cut-off
single_renter,"single, renter",False,False,constant_real,0.02,0.0,5.625499263059597,9.378644854730858,0.29274535615035835,0.4143269923267565,1.1054709873460817,0.4568,0.47448323138919435,0.30448421778270673,below the free area
single_renter,"single, renter",False,False,constant_real,0.04,0.0,5.625499263059597,9.378644854730858,0.29274535615035835,0.44742948219829204,2.2109419746921635,0.4568,0.5194086301484182,0.33751721967695336,below the free area
single_renter,"single, renter",False,False,constant_real,0.07,0.0,5.625499263059597,9.378644854730858,0.29274535615035835,0.48646113860212353,3.8691484557112865,0.4568,0.5784661690034527,0.3796549074482034,below the free area
single_renter,"single, renter",False,False,constant_real,0.1,0.0,5.625499263059597,9.378644854730858,0.29274535615035835,0.5159844994403219,5.52735493673041,0.4568,0.6313909119609845,0.41437507291892267,below the free area
single_renter,"single, renter",False,False,constant_real,0.14,0.0,5.625499263059597,9.378644854730858,0.29274535615035835,0.5502155095893175,7.738296911422573,0.4568,0.6982447866743233,0.447524240486858,inside the taper band
single_renter,"single, renter",False,False,constant_real,0.2,0.0,5.625499263059597,9.378644854730858,0.29274535615035835,0.5882281696057521,11.05470987346082,0.4568,0.8019133864240369,0.4492869049050311,above the cut-off
single_renter,"single, renter",False,False,constant_real,0.28,0.0,5.625499263059597,9.378644854730858,0.29274535615035835,0.6316078938264081,15.476593822845146,0.4568,0.9532241288076774,0.4492869049050311,above the cut-off
single_renter,"single, renter",False,False,constant_real,0.4,0.0,5.625499263059597,9.378644854730858,0.29274535615035835,0.6785719810725505,22.10941974692164,0.4568,1.201845393585347,0.4492869049050311,above the cut-off
single_renter,"single, renter",False,False,constant_real,0.6,0.2,5.625499263059597,9.378644854730858,0.29274535615035835,0.7418957058887075,33.164129620382454,0.30575,1.6953981272685612,0.4492869049050311,above the cut-off
single_renter,"single, renter",False,False,constant_real,1.0,0.6,5.625499263059597,9.378644854730858,0.29274535615035835,0.8812342794073615,55.273549367304085,0.12995,2.806948012383383,0.5496853605381921,above the cut-off
